GeoID,Ste Name21,Sa4 Name21,Lga Name21,National Remoteness Areas
Geo1,Western Australia,Western Australia - Wheat Belt,Westonia,Remote Australia
Geo2,New South Wales,Riverina,Wagga Wagga,Outer Regional Australia
Geo3,Tasmania,Unknown,Unknown,Unknown
Geo4,Queensland,Wide Bay,Fraser Coast,Inner Regional Australia
Geo5,South Australia,Adelaide - North,Light,Inner Regional Australia
Geo6,Tasmania,Hobart,Glenorchy,Inner Regional Australia
Geo7,South Australia,South Australia - Outback,Franklin Harbour,Outer Regional Australia
Geo8,Victoria,North West,Ararat,Outer Regional Australia
Geo9,Western Australia,Perth - North West,Joondalup,Major Cities of Australia
Geo10,New South Wales,Sydney - Blacktown,Blacktown,Major Cities of Australia
Geo11,Western Australia,Western Australia - Wheat Belt,Moora,Outer Regional Australia
Geo12,Victoria,Latrobe - Gippsland,South Gippsland,Inner Regional Australia
Geo13,Western Australia,Perth - South East,Belmont,Major Cities of Australia
Geo14,Western Australia,Western Australia - Wheat Belt,Quairading,Outer Regional Australia
Geo15,Western Australia,Western Australia - Wheat Belt,Woodanilling,Outer Regional Australia
Geo16,Northern Territory,Northern Territory - Outback,Central Desert,Very Remote Australia
Geo17,Queensland,Central Queensland,Gladstone,Outer Regional Australia
Geo18,New South Wales,Murray,Berrigan,Inner Regional Australia
Geo19,South Australia,Adelaide - West,Charles Sturt,Major Cities of Australia
Geo20,South Australia,Adelaide - Central and Hills,Prospect,Major Cities of Australia
Geo21,Victoria,Hume,Wodonga,Inner Regional Australia
Geo22,Northern Territory,Darwin,Unincorporated NT,Outer Regional Australia
Geo23,New South Wales,Illawarra,Kiama,Inner Regional Australia
Geo24,New South Wales,Sydney - Baulkham Hills and Hawkesbury,Hawkesbury,Major Cities of Australia
Geo25,New South Wales,Riverina,Temora,Outer Regional Australia
Geo26,Victoria,North West,Yarriambiack,Outer Regional Australia
Geo27,New South Wales,Murray,Hay,Remote Australia
Geo28,Victoria,Ballarat,Golden Plains,Inner Regional Australia
Geo29,Queensland,Darling Downs - Maranoa,Maranoa,Very Remote Australia
Geo30,New South Wales,Central Coast,Central Coast,Major Cities of Australia
Geo31,South Australia,South Australia - South East,Victor Harbor,Inner Regional Australia
Geo32,Tasmania,South East,Southern Midlands,Outer Regional Australia
Geo33,Tasmania,Launceston and North East,Break O'Day,Remote Australia
Geo34,Victoria,Mornington Peninsula,Mornington Peninsula,Inner Regional Australia
Geo35,Victoria,Melbourne - North East,Banyule,Major Cities of Australia
Geo36,Victoria,Melbourne - South East,Greater Dandenong,Major Cities of Australia
Geo37,Western Australia,Western Australia - Wheat Belt,Brookton,Outer Regional Australia
Geo38,Victoria,North West,Mildura,Remote Australia
Geo39,Queensland,Sunshine Coast,Sunshine Coast,Major Cities of Australia
Geo40,Queensland,Townsville,Townsville,Outer Regional Australia
Geo41,New South Wales,Mid North Coast,Port Macquarie-Hastings,Outer Regional Australia
Geo42,New South Wales,New England and North West,Gunnedah,Outer Regional Australia
Geo43,Western Australia,Western Australia - Outback (South),Esperance,Very Remote Australia
Geo44,Queensland,Queensland - Outback,Flinders (Qld),Very Remote Australia
Geo45,New South Wales,Far West and Orana,Bogan,Remote Australia
Geo46,Victoria,Melbourne - South East,Casey,Inner Regional Australia
Geo47,New South Wales,Sydney - Baulkham Hills and Hawkesbury,The Hills,Inner Regional Australia
Geo48,Victoria,Shepparton,Greater Shepparton,Inner Regional Australia
Geo49,Western Australia,Western Australia - Wheat Belt,Lake Grace,Remote Australia
Geo50,Queensland,Darling Downs - Maranoa,Balonne,Remote Australia
Geo51,South Australia,South Australia - South East,Murray Bridge,Inner Regional Australia
Geo52,Victoria,Geelong,Greater Geelong,Major Cities of Australia
Geo53,Western Australia,Western Australia - Wheat Belt,Bruce Rock,Remote Australia
Geo54,Queensland,Queensland - Outback,Northern Peninsula Area,Very Remote Australia
Geo55,New South Wales,Sydney - Ryde,The Hills,Major Cities of Australia
Geo56,Queensland,Cairns,Cairns,Outer Regional Australia
Geo57,Victoria,Bendigo,Greater Bendigo,Inner Regional Australia
Geo58,Tasmania,Launceston and North East,Break O'Day,Outer Regional Australia
Geo59,Victoria,Melbourne - South East,Monash,Major Cities of Australia
Geo60,Western Australia,Unknown,Unknown,Inner Regional Australia
Geo61,New South Wales,Coffs Harbour - Grafton,Clarence Valley,Outer Regional Australia
Geo62,Victoria,Melbourne - Outer East,Manningham,Major Cities of Australia
Geo63,New South Wales,Riverina,Snowy Valleys,Inner Regional Australia
Geo64,New South Wales,Hunter Valley exc Newcastle,Singleton,Outer Regional Australia
Geo65,Victoria,Melbourne - North East,Nillumbik,Major Cities of Australia
Geo66,Western Australia,Perth - South East,Serpentine-Jarrahdale,Major Cities of Australia
Geo67,Western Australia,Bunbury,Capel,Inner Regional Australia
Geo68,South Australia,Barossa - Yorke - Mid North,Wakefield,Outer Regional Australia
Geo69,New South Wales,New England and North West,Moree Plains,Remote Australia
Geo70,New South Wales,Mid North Coast,Kempsey,Inner Regional Australia
Geo71,South Australia,Barossa - Yorke - Mid North,Light,Inner Regional Australia
Geo72,New South Wales,Sydney - Northern Beaches,Northern Beaches,Major Cities of Australia
Geo73,Western Australia,Unknown,Unknown,Very Remote Australia
Geo74,New South Wales,Sydney - North Sydney and Hornsby,Willoughby,Major Cities of Australia
Geo75,New South Wales,New England and North West,Tamworth Regional,Outer Regional Australia
Geo76,New South Wales,Riverina,Narrandera,Outer Regional Australia
Geo77,New South Wales,Riverina,Carrathool,Remote Australia
Geo78,Northern Territory,Northern Territory - Outback,Roper Gulf,Very Remote Australia
Geo79,Western Australia,Western Australia - Outback (North),East Pilbara,Very Remote Australia
Geo80,Tasmania,West and North West,West Coast,Remote Australia
Geo81,Western Australia,Perth - Inner,Nedlands,Major Cities of Australia
Geo82,Queensland,Queensland - Outback,Etheridge,Very Remote Australia
Geo83,Western Australia,Perth - Inner,Vincent,Major Cities of Australia
Geo84,Queensland,Brisbane - East,Brisbane,Major Cities of Australia
Geo85,Western Australia,Bunbury,Augusta Margaret River,Outer Regional Australia
Geo86,New South Wales,Sydney - Eastern Suburbs,Woollahra,Major Cities of Australia
Geo87,South Australia,South Australia - South East,Coorong,Outer Regional Australia
Geo88,South Australia,Adelaide - North,Barossa,Major Cities of Australia
Geo89,New South Wales,New England and North West,Tamworth Regional,Inner Regional Australia
Geo90,Western Australia,Western Australia - Wheat Belt,Wickepin,Outer Regional Australia
Geo91,New South Wales,Riverina,Cootamundra-Gundagai,Inner Regional Australia
Geo92,South Australia,South Australia - South East,Tatiara,Outer Regional Australia
Geo93,Western Australia,Western Australia - Outback (North),Port Hedland,Very Remote Australia
Geo94,Victoria,Hume,Wangaratta,Inner Regional Australia
Geo95,New South Wales,Central West,Oberon,Inner Regional Australia
Geo96,Queensland,Ipswich,Ipswich,Inner Regional Australia
Geo97,New South Wales,Hunter Valley exc Newcastle,Cessnock,Inner Regional Australia
Geo98,South Australia,South Australia - South East,Renmark Paringa,Outer Regional Australia
Geo99,South Australia,Barossa - Yorke - Mid North,Goyder,Outer Regional Australia
Geo100,Western Australia,Perth - Inner,Subiaco,Major Cities of Australia
Geo101,New South Wales,Hunter Valley exc Newcastle,Singleton,Inner Regional Australia
Geo102,Queensland,Central Queensland,Rockhampton,Outer Regional Australia
Geo103,Queensland,Townsville,Burdekin,Outer Regional Australia
Geo104,Tasmania,Hobart,Sorell,Inner Regional Australia
Geo105,Western Australia,Western Australia - Outback (South),Carnamah,Remote Australia
Geo106,New South Wales,Central West,Forbes,Outer Regional Australia
Geo107,Victoria,Melbourne - North East,Whittlesea,Major Cities of Australia
Geo108,Queensland,Mackay - Isaac - Whitsunday,Isaac,Remote Australia
Geo109,New South Wales,Far West and Orana,Unincorporated,Very Remote Australia
Geo110,South Australia,South Australia - South East,Wattle Range,Outer Regional Australia
Geo111,Northern Territory,Northern Territory - Outback,Katherine,Remote Australia
Geo112,New South Wales,Sydney - Inner West,Canada Bay,Major Cities of Australia
Geo113,New South Wales,Central West,Parkes,Outer Regional Australia
Geo114,Western Australia,Perth - North West,Wanneroo,Major Cities of Australia
Geo115,South Australia,Adelaide - South,Onkaparinga,Inner Regional Australia
Geo116,Queensland,Queensland - Outback,Mornington,Very Remote Australia
Geo117,New South Wales,Southern Highlands and Shoalhaven,Shoalhaven,Inner Regional Australia
Geo118,South Australia,South Australia - Outback,Elliston,Very Remote Australia
Geo119,Tasmania,South East,Glamorgan-Spring Bay,Outer Regional Australia
Geo120,Western Australia,Western Australia - Wheat Belt,Narrogin,Outer Regional Australia
Geo121,Western Australia,Western Australia - Wheat Belt,Wongan-Ballidu,Remote Australia
Geo122,New South Wales,New England and North West,Moree Plains,Outer Regional Australia
Geo123,Western Australia,Perth - Inner,Claremont,Major Cities of Australia
Geo124,Victoria,Ballarat,Pyrenees,Inner Regional Australia
Geo125,New South Wales,Far West and Orana,Warrumbungle,Outer Regional Australia
Geo126,Northern Territory,Darwin,Litchfield,Outer Regional Australia
Geo127,Western Australia,Western Australia - Wheat Belt,Toodyay,Inner Regional Australia
Geo128,Queensland,Queensland - Outback,Cook,Remote Australia
Geo129,Western Australia,Western Australia - Wheat Belt,Lake Grace,Very Remote Australia
Geo130,Victoria,Warrnambool and South West,Moyne,Outer Regional Australia
Geo131,Queensland,Mackay - Isaac - Whitsunday,Mackay,Inner Regional Australia
Geo132,South Australia,Adelaide - North,Tea Tree Gully,Major Cities of Australia
Geo133,New South Wales,Sydney - Outer South West,Wingecarribee,Inner Regional Australia
Geo134,South Australia,Adelaide - North,Playford,Major Cities of Australia
Geo135,Queensland,Central Queensland,Rockhampton,Inner Regional Australia
Geo136,Queensland,Darling Downs - Maranoa,Western Downs,Inner Regional Australia
Geo137,Queensland,Toowoomba,Lockyer Valley,Inner Regional Australia
Geo138,Western Australia,Perth - North East,Bassendean,Major Cities of Australia
Geo139,Victoria,Melbourne - West,Brimbank,Major Cities of Australia
Geo140,Queensland,Queensland - Outback,Richmond,Very Remote Australia
Geo141,New South Wales,Coffs Harbour - Grafton,Clarence Valley,Inner Regional Australia
Geo142,New South Wales,Sydney - Parramatta,The Hills,Major Cities of Australia
Geo143,Western Australia,Perth - North East,Bayswater,Major Cities of Australia
Geo144,New South Wales,Sydney - Outer South West,Wollondilly,Inner Regional Australia
Geo145,New South Wales,Sydney - Parramatta,Parramatta,Major Cities of Australia
Geo146,Northern Territory,Northern Territory - Outback,Barkly,Very Remote Australia
Geo147,New South Wales,Murray,Berrigan,Outer Regional Australia
Geo148,Queensland,Queensland - Outback,Weipa,Very Remote Australia
Geo149,Victoria,Hume,Strathbogie,Inner Regional Australia
Geo150,Queensland,Cairns,Yarrabah,Outer Regional Australia
Geo151,Victoria,Melbourne - West,Maribyrnong,Major Cities of Australia
Geo152,Queensland,Moreton Bay - North,Sunshine Coast,Inner Regional Australia
Geo153,New South Wales,Mid North Coast,Nambucca,Inner Regional Australia
Geo154,Western Australia,Western Australia - Outback (South),Shark Bay,Very Remote Australia
Geo155,Queensland,Townsville,Hinchinbrook,Remote Australia
Geo156,South Australia,Adelaide - North,Playford,Inner Regional Australia
Geo157,Victoria,North West,Mildura,Outer Regional Australia
Geo158,New South Wales,Murray,Federation,Outer Regional Australia
Geo159,New South Wales,Hunter Valley exc Newcastle,Cessnock,Major Cities of Australia
Geo160,South Australia,Adelaide - South,Mitcham,Major Cities of Australia
Geo161,New South Wales,Sydney - Inner West,Burwood,Major Cities of Australia
Geo162,Victoria,Latrobe - Gippsland,East Gippsland,Outer Regional Australia
Geo163,Queensland,Townsville,Charters Towers,Outer Regional Australia
Geo164,Western Australia,Unknown,Unknown,Major Cities of Australia
Geo165,New South Wales,Sydney - Inner South West,Georges River,Major Cities of Australia
Geo166,Northern Territory,Unknown,Unknown,Unknown
Geo167,Victoria,Melbourne - North West,Moonee Valley,Major Cities of Australia
Geo168,New South Wales,Murray,Federation,Inner Regional Australia
Geo169,Western Australia,Western Australia - Wheat Belt,Boddington,Inner Regional Australia
Geo170,Western Australia,Western Australia - Wheat Belt,Cuballing,Outer Regional Australia
Geo171,South Australia,Adelaide - Central and Hills,Mount Barker,Inner Regional Australia
Geo172,South Australia,South Australia - South East,Mount Gambier,Outer Regional Australia
Geo173,New South Wales,Coffs Harbour - Grafton,Bellingen,Inner Regional Australia
Geo174,South Australia,South Australia - South East,Kingston (SA),Outer Regional Australia
Geo175,New South Wales,Murray,Murray River,Outer Regional Australia
Geo176,New South Wales,Hunter Valley exc Newcastle,Port Stephens,Inner Regional Australia
Geo177,Western Australia,Western Australia - Outback (South),Esperance,Remote Australia
Geo178,Western Australia,Western Australia - Wheat Belt,Broomehill-Tambellup,Outer Regional Australia
Geo179,Queensland,Cairns,Cassowary Coast,Outer Regional Australia
Geo180,Victoria,Melbourne - Inner South,Kingston (Vic.),Major Cities of Australia
Geo181,New South Wales,Far West and Orana,Bogan,Very Remote Australia
Geo182,New South Wales,Capital Region,Snowy Monaro Regional,Outer Regional Australia
Geo183,New South Wales,New England and North West,Glen Innes Severn,Inner Regional Australia
Geo184,Victoria,Warrnambool and South West,Colac Otway,Inner Regional Australia
Geo185,New South Wales,Central Coast,Central Coast,Inner Regional Australia
Geo186,Western Australia,Western Australia - Outback (North),Port Hedland,Remote Australia
Geo187,Queensland,Wide Bay,Bundaberg,Inner Regional Australia
Geo188,New South Wales,New England and North West,Armidale Regional,Inner Regional Australia
Geo189,New South Wales,Illawarra,Sutherland,Inner Regional Australia
Geo190,Victoria,Latrobe - Gippsland,Latrobe (Vic.),Inner Regional Australia
Geo191,New South Wales,Sydney - Eastern Suburbs,Randwick,Major Cities of Australia
Geo192,Northern Territory,Northern Territory - Outback,Unincorporated NT,Very Remote Australia
Geo193,New South Wales,Newcastle and Lake Macquarie,Port Stephens,Major Cities of Australia
Geo194,New South Wales,Sydney - Ryde,Hornsby,Major Cities of Australia
Geo195,Western Australia,Western Australia - Outback (South),Chapman Valley,Remote Australia
Geo196,Western Australia,Perth - South East,Gosnells,Major Cities of Australia
Geo197,New South Wales,Sydney - Outer West and Blue Mountains,Penrith,Major Cities of Australia
Geo198,New South Wales,Illawarra,Kiama,Major Cities of Australia
Geo199,Northern Territory,Northern Territory - Outback,MacDonnell,Remote Australia
Geo200,New South Wales,Central West,Cabonne,Outer Regional Australia
Geo201,Northern Territory,Northern Territory - Outback,Unincorporated NT,Remote Australia
Geo202,Queensland,Moreton Bay - South,Moreton Bay,Inner Regional Australia
Geo203,New South Wales,Riverina,Federation,Outer Regional Australia
Geo204,Western Australia,Western Australia - Outback (North),Derby-West Kimberley,Very Remote Australia
Geo205,Victoria,Melbourne - West,Melton,Inner Regional Australia
Geo206,Victoria,Ballarat,Ararat,Inner Regional Australia
Geo207,Western Australia,Bunbury,Bunbury,Inner Regional Australia
Geo208,Tasmania,West and North West,Latrobe (Tas.),Outer Regional Australia
Geo209,New South Wales,Sydney - South West,Liverpool,Inner Regional Australia
Geo210,Queensland,Queensland - Outback,Barcoo,Very Remote Australia
Geo211,Western Australia,Western Australia - Wheat Belt,Wongan-Ballidu,Outer Regional Australia
Geo212,Victoria,Hume,Mansfield,Outer Regional Australia
Geo213,Queensland,Central Queensland,Gladstone,Inner Regional Australia
Geo214,Western Australia,Western Australia - Wheat Belt,Nungarin,Remote Australia
Geo215,South Australia,South Australia - Outback,Unincorporated SA,Remote Australia
Geo216,Victoria,North West,West Wimmera,Outer Regional Australia
Geo217,New South Wales,Richmond - Tweed,Richmond Valley,Inner Regional Australia
Geo218,Victoria,Latrobe - Gippsland,Wellington,Inner Regional Australia
Geo219,New South Wales,Sydney - Outer West and Blue Mountains,Blue Mountains,Major Cities of Australia
Geo220,New South Wales,Sydney - Ryde,Parramatta,Major Cities of Australia
Geo221,South Australia,Barossa - Yorke - Mid North,Goyder,Inner Regional Australia
Geo222,Western Australia,Western Australia - Wheat Belt,Plantagenet,Outer Regional Australia
Geo223,Victoria,Melbourne - South East,Cardinia,Major Cities of Australia
Geo224,South Australia,South Australia - South East,Mid Murray,Inner Regional Australia
Geo225,Victoria,Hume,Mitchell,Inner Regional Australia
Geo226,Western Australia,Mandurah,Mandurah,Major Cities of Australia
Geo227,New South Wales,Hunter Valley exc Newcastle,Muswellbrook,Inner Regional Australia
Geo228,South Australia,Barossa - Yorke - Mid North,Barossa,Inner Regional Australia
Geo229,Western Australia,Western Australia - Outback (South),Kalgoorlie-Boulder,Very Remote Australia
Geo230,Queensland,Unknown,Unknown,Unknown
Geo231,New South Wales,Unknown,Unknown,Unknown
Geo232,South Australia,Adelaide - North,Adelaide Plains,Inner Regional Australia
Geo233,Tasmania,Launceston and North East,Northern Midlands,Outer Regional Australia
Geo234,Queensland,Queensland - Outback,Murweh,Very Remote Australia
Geo235,Western Australia,Bunbury,Busselton,Inner Regional Australia
Geo236,Victoria,Melbourne - West,Wyndham,Inner Regional Australia
Geo237,Australian Capital Territory,Unknown,Unknown,Unknown
Geo238,Victoria,Latrobe - Gippsland,Unincorporated Vic,Outer Regional Australia
Geo239,Western Australia,Western Australia - Outback (South),Greater Geraldton,Outer Regional Australia
Geo240,New South Wales,Sydney - Northern Beaches,Northern Beaches,Inner Regional Australia
Geo241,Queensland,Ipswich,Brisbane,Major Cities of Australia
Geo242,Queensland,Central Queensland,Banana,Remote Australia
Geo243,Victoria,Latrobe - Gippsland,Baw Baw,Inner Regional Australia
Geo244,Queensland,Cairns,Tablelands,Remote Australia
Geo245,New South Wales,Sydney - Outer South West,Camden,Major Cities of Australia
Geo246,South Australia,South Australia - South East,Coorong,Inner Regional Australia
Geo247,Northern Territory,Northern Territory - Outback,Victoria Daly,Remote Australia
Geo248,Western Australia,Western Australia - Outback (South),Meekatharra,Very Remote Australia
Geo249,Victoria,Shepparton,Moira,Outer Regional Australia
Geo250,New South Wales,Far West and Orana,Coonamble,Remote Australia
Geo251,Northern Territory,Northern Territory - Outback,West Arnhem,Very Remote Australia
Geo252,Victoria,Warrnambool and South West,Corangamite,Outer Regional Australia
Geo253,South Australia,South Australia - Outback,Unincorporated SA,Very Remote Australia
Geo254,Western Australia,Perth - South East,Serpentine-Jarrahdale,Inner Regional Australia
Geo255,Queensland,Central Queensland,Livingstone,Remote Australia
Geo256,New South Wales,Central West,Cabonne,Inner Regional Australia
Geo257,New South Wales,Capital Region,Goulburn Mulwaree,Inner Regional Australia
Geo258,Western Australia,Western Australia - Wheat Belt,York,Inner Regional Australia
Geo259,Victoria,Hume,Benalla,Outer Regional Australia
Geo260,South Australia,South Australia - South East,Berri Barmera,Outer Regional Australia
Geo261,New South Wales,Richmond - Tweed,Tweed,Major Cities of Australia
Geo262,Western Australia,Western Australia - Wheat Belt,Moora,Remote Australia
Geo263,Western Australia,Western Australia - Wheat Belt,Murray,Inner Regional Australia
Geo264,Victoria,Melbourne - Outer East,Whitehorse,Major Cities of Australia
Geo265,Queensland,Sunshine Coast,Noosa,Major Cities of Australia
Geo266,Western Australia,Mandurah,Murray,Major Cities of Australia
Geo267,New South Wales,Central West,Warrumbungle,Outer Regional Australia
Geo268,Western Australia,Western Australia - Wheat Belt,Dowerin,Outer Regional Australia
Geo269,New South Wales,Sydney - Parramatta,Fairfield,Major Cities of Australia
Geo270,Western Australia,Western Australia - Outback (North),Wyndham-East Kimberley,Very Remote Australia
Geo271,Victoria,Ballarat,Moorabool,Inner Regional Australia
Geo272,New South Wales,Capital Region,Queanbeyan-Palerang Regional,Inner Regional Australia
Geo273,South Australia,Adelaide - North,Port Adelaide Enfield,Major Cities of Australia
Geo274,Queensland,Wide Bay,Gympie,Inner Regional Australia
Geo275,New South Wales,New England and North West,Uralla,Inner Regional Australia
Geo276,South Australia,South Australia - South East,Southern Mallee,Remote Australia
Geo277,Queensland,Brisbane - West,Brisbane,Inner Regional Australia
Geo278,Queensland,Mackay - Isaac - Whitsunday,Whitsunday,Remote Australia
Geo279,Tasmania,Launceston and North East,West Tamar,Inner Regional Australia
Geo280,Tasmania,West and North West,Devonport,Outer Regional Australia
Geo281,Western Australia,Western Australia - Wheat Belt,Gingin,Inner Regional Australia
Geo282,Tasmania,Hobart,Sorell,Outer Regional Australia
Geo283,Australian Capital Territory,Australian Capital Territory,Unincorporated ACT,Inner Regional Australia
Geo284,Queensland,Wide Bay,Fraser Coast,Outer Regional Australia
Geo285,Victoria,Warrnambool and South West,Corangamite,Inner Regional Australia
Geo286,South Australia,Adelaide - Central and Hills,Norwood Payneham and St Peters,Major Cities of Australia
Geo287,Queensland,Cairns,Mareeba,Outer Regional Australia
Geo288,Queensland,Central Queensland,Banana,Outer Regional Australia
Geo289,Victoria,Hume,Benalla,Inner Regional Australia
Geo290,South Australia,Adelaide - West,West Torrens,Major Cities of Australia
Geo291,Western Australia,Perth - South East,Kalamunda,Inner Regional Australia
Geo292,Victoria,Latrobe - Gippsland,Bass Coast,Inner Regional Australia
Geo293,Western Australia,Western Australia - Wheat Belt,Cunderdin,Outer Regional Australia
Geo294,South Australia,South Australia - South East,Karoonda East Murray,Outer Regional Australia
Geo295,South Australia,South Australia - Outback,Port Lincoln,Remote Australia
Geo296,Victoria,Latrobe - Gippsland,East Gippsland,Remote Australia
Geo297,Victoria,Melbourne - West,Moorabool,Major Cities of Australia
Geo298,New South Wales,Far West and Orana,Dubbo Regional,Inner Regional Australia
Geo299,Western Australia,Bunbury,Manjimup,Remote Australia
Geo300,Western Australia,Mandurah,Mandurah,Inner Regional Australia
Geo301,New South Wales,Capital Region,Yass Valley,Major Cities of Australia
Geo302,Western Australia,Western Australia - Outback (South),Cue,Very Remote Australia
Geo303,Western Australia,Western Australia - Wheat Belt,Kondinin,Remote Australia
Geo304,Queensland,Cairns,Douglas,Outer Regional Australia
Geo305,New South Wales,Illawarra,Wollongong,Major Cities of Australia
Geo306,Western Australia,Perth - South East,Armadale,Major Cities of Australia
Geo307,New South Wales,Newcastle and Lake Macquarie,Newcastle,Major Cities of Australia
Geo308,New South Wales,Illawarra,Shellharbour,Major Cities of Australia
Geo309,Northern Territory,Northern Territory - Outback,West Daly,Remote Australia
Geo310,South Australia,Adelaide - Central and Hills,Adelaide,Major Cities of Australia
Geo311,Western Australia,Western Australia - Wheat Belt,Gnowangerup,Remote Australia
Geo312,Queensland,Darling Downs - Maranoa,Goondiwindi,Outer Regional Australia
Geo313,New South Wales,Riverina,Leeton,Outer Regional Australia
Geo314,New South Wales,Capital Region,Shoalhaven,Inner Regional Australia
Geo315,Queensland,Moreton Bay - North,Somerset,Outer Regional Australia
Geo316,South Australia,South Australia - South East,Tatiara,Remote Australia
Geo317,New South Wales,Central West,Oberon,Outer Regional Australia
Geo318,Northern Territory,Darwin,Palmerston,Outer Regional Australia
Geo319,Western Australia,Western Australia - Outback (South),Ravensthorpe,Very Remote Australia
Geo320,Western Australia,Western Australia - Wheat Belt,Chittering,Outer Regional Australia
Geo321,Tasmania,Launceston and North East,Launceston,Inner Regional Australia
Geo322,Western Australia,Western Australia - Wheat Belt,Northam,Inner Regional Australia
Geo323,Western Australia,Perth - North East,Mundaring,Major Cities of Australia
Geo324,New South Wales,New England and North West,Gwydir,Outer Regional Australia
Geo325,New South Wales,Sydney - Baulkham Hills and Hawkesbury,Hawkesbury,Outer Regional Australia
Geo326,Victoria,Melbourne - North East,Whittlesea,Inner Regional Australia
Geo327,Western Australia,Perth - North East,Mundaring,Inner Regional Australia
Geo328,Western Australia,Bunbury,Collie,Inner Regional Australia
Geo329,New South Wales,New England and North West,Walcha,Outer Regional Australia
Geo330,Western Australia,Western Australia - Wheat Belt,Pingelly,Outer Regional Australia
Geo331,Western Australia,Western Australia - Outback (South),Chapman Valley,Outer Regional Australia
Geo332,New South Wales,Sydney - South West,Penrith,Major Cities of Australia
Geo333,Western Australia,Western Australia - Wheat Belt,Merredin,Remote Australia
Geo334,New South Wales,Mid North Coast,Mid-Coast,Outer Regional Australia
Geo335,New South Wales,Capital Region,Eurobodalla,Inner Regional Australia
Geo336,Queensland,Queensland - Outback,Croydon,Very Remote Australia
Geo337,New South Wales,Riverina,Lockhart,Inner Regional Australia
Geo338,Victoria,Latrobe - Gippsland,Baw Baw,Outer Regional Australia
Geo339,New South Wales,Mid North Coast,Nambucca Valley,Outer Regional Australia
Geo340,South Australia,South Australia - South East,Naracoorte Lucindale,Outer Regional Australia
Geo341,Western Australia,Western Australia - Outback (North),Broome,Very Remote Australia
Geo342,Queensland,Queensland - Outback,Mareeba,Remote Australia
Geo343,Queensland,Darling Downs - Maranoa,Toowoomba,Inner Regional Australia
Geo344,Tasmania,Launceston and North East,George Town,Outer Regional Australia
Geo345,Tasmania,South East,Derwent Valley,Outer Regional Australia
Geo346,Western Australia,Western Australia - Wheat Belt,Kent,Remote Australia
Geo347,New South Wales,Riverina,Lockhart,Outer Regional Australia
Geo348,Victoria,Mornington Peninsula,Frankston,Major Cities of Australia
Geo349,Western Australia,Perth - Inner,Mosman Park,Major Cities of Australia
Geo350,New South Wales,Capital Region,Hilltops,Inner Regional Australia
Geo351,New South Wales,Coffs Harbour - Grafton,Coffs Harbour,Inner Regional Australia
Geo352,Victoria,Melbourne - Inner,Melbourne,Major Cities of Australia
Geo353,South Australia,Adelaide - Central and Hills,Walkerville,Major Cities of Australia
Geo354,South Australia,Adelaide - Central and Hills,Adelaide Hills,Major Cities of Australia
Geo355,New South Wales,Far West and Orana,Central Darling,Very Remote Australia
Geo356,New South Wales,Mid North Coast,Port Macquarie-Hastings,Inner Regional Australia
Geo357,New South Wales,Sydney - Parramatta,Cumberland,Major Cities of Australia
Geo358,Tasmania,Unknown,Clarence,Inner Regional Australia
Geo359,Victoria,Hume,Indigo,Inner Regional Australia
Geo360,New South Wales,Capital Region,Queanbeyan-Palerang Regional,Major Cities of Australia
Geo361,Queensland,Mackay - Isaac - Whitsunday,Mackay,Outer Regional Australia
Geo362,Victoria,Melbourne - Inner East,Manningham,Major Cities of Australia
Geo363,New South Wales,Illawarra,Shellharbour,Inner Regional Australia
Geo364,Western Australia,Bunbury,Manjimup,Outer Regional Australia
Geo365,New South Wales,Sydney - Ryde,Hunters Hill,Major Cities of Australia
Geo366,Victoria,North West,Ararat,Inner Regional Australia
Geo367,New South Wales,Murray,Greater Hume,Inner Regional Australia
Geo368,Queensland,Townsville,Hinchinbrook,Outer Regional Australia
Geo369,South Australia,Barossa - Yorke - Mid North,Mount Remarkable,Outer Regional Australia
Geo370,Tasmania,Hobart,Clarence,Inner Regional Australia
Geo371,Victoria,North West,Northern Grampians,Outer Regional Australia
Geo372,Western Australia,Perth - North East,Swan,Major Cities of Australia
Geo373,New South Wales,Far West and Orana,Dubbo Regional,Outer Regional Australia
Geo374,South Australia,South Australia - Outback,Franklin Harbour,Remote Australia
Geo375,New South Wales,Sydney - Eastern Suburbs,Waverley,Major Cities of Australia
Geo376,New South Wales,Sydney - City and Inner South,Randwick,Major Cities of Australia
Geo377,New South Wales,Central West,Blayney,Inner Regional Australia
Geo378,Western Australia,Western Australia - Wheat Belt,Trayning,Remote Australia
Geo379,Victoria,Melbourne - Inner East,Boroondara,Major Cities of Australia
Geo380,Queensland,Queensland - Outback,Barcaldine,Very Remote Australia
Geo381,New South Wales,Sydney - South West,Liverpool,Major Cities of Australia
Geo382,Western Australia,Western Australia - Outback (South),Exmouth,Very Remote Australia
Geo383,Western Australia,Perth - South West,Fremantle,Major Cities of Australia
Geo384,New South Wales,Hunter Valley exc Newcastle,Muswellbrook,Outer Regional Australia
Geo385,Victoria,Hume,Alpine,Outer Regional Australia
Geo386,Queensland,Central Queensland,Central Highlands (Qld),Remote Australia
Geo387,Tasmania,South East,Huon Valley,Outer Regional Australia
Geo388,Tasmania,West and North West,Waratah-Wynyard,Outer Regional Australia
Geo389,Victoria,Bendigo,Macedon Ranges,Inner Regional Australia
Geo390,New South Wales,Mid North Coast,Mid-Coast,Inner Regional Australia
Geo391,New South Wales,Southern Highlands and Shoalhaven,Wingecarribee,Inner Regional Australia
Geo392,South Australia,Barossa - Yorke - Mid North,Port Pirie,Outer Regional Australia
Geo393,Victoria,Melbourne - Inner,Port Phillip,Major Cities of Australia
Geo394,Western Australia,Perth - South East,South Perth,Major Cities of Australia
Geo395,South Australia,Adelaide - North,Gawler,Major Cities of Australia
Geo396,Tasmania,Launceston and North East,Flinders (Tas.),Very Remote Australia
Geo397,New South Wales,Far West and Orana,Broken Hill,Outer Regional Australia
Geo398,Western Australia,Perth - North West,Stirling,Major Cities of Australia
Geo399,Western Australia,Western Australia - Outback (North),Ashburton,Very Remote Australia
Geo400,Victoria,Mornington Peninsula,Mornington Peninsula,Major Cities of Australia
Geo401,New South Wales,Central West,Cowra,Outer Regional Australia
Geo402,Queensland,Toowoomba,Toowoomba,Inner Regional Australia
Geo403,New South Wales,Riverina,Cootamundra-Gundagai,Outer Regional Australia
Geo404,Queensland,Wide Bay,Bundaberg,Outer Regional Australia
Geo405,Queensland,Queensland - Outback,Doomadgee,Very Remote Australia
Geo406,South Australia,South Australia - Outback,Kimba,Remote Australia
Geo407,New South Wales,Richmond - Tweed,Byron,Inner Regional Australia
Geo408,New South Wales,Capital Region,Upper Lachlan,Outer Regional Australia
Geo409,Queensland,Ipswich,Ipswich,Major Cities of Australia
Geo410,New South Wales,Capital Region,Hilltops,Outer Regional Australia
Geo411,New South Wales,Illawarra,Wollongong,Inner Regional Australia
Geo412,Western Australia,Perth - North West,Wanneroo,Inner Regional Australia
Geo413,New South Wales,Sydney - Inner South West,Bayside,Major Cities of Australia
Geo414,Queensland,Moreton Bay - North,Moreton Bay,Inner Regional Australia
Geo415,Queensland,Cairns,Douglas,Remote Australia
Geo416,Victoria,Warrnambool and South West,Colac Otway,Outer Regional Australia
Geo417,Queensland,Logan - Beaudesert,Logan,Major Cities of Australia
Geo418,Victoria,Melbourne - Inner,Darebin,Major Cities of Australia
Geo419,Queensland,Townsville,Charters Towers,Very Remote Australia
Geo420,New South Wales,Sydney - Inner South West,Strathfield,Major Cities of Australia
Geo421,Tasmania,West and North West,Circular Head,Outer Regional Australia
Geo422,Western Australia,Western Australia - Wheat Belt,Williams,Outer Regional Australia
Geo423,Western Australia,Bunbury,Dardanup,Inner Regional Australia
Geo424,Western Australia,Bunbury,Donnybrook-Balingup,Inner Regional Australia
Geo425,Queensland,Logan - Beaudesert,Scenic Rim,Outer Regional Australia
Geo426,Western Australia,Bunbury,Augusta Margaret River,Inner Regional Australia
Geo427,Queensland,Ipswich,Somerset,Inner Regional Australia
Geo428,Victoria,Latrobe - Gippsland,Wellington,Outer Regional Australia
Geo429,New South Wales,Central West,Lithgow,Inner Regional Australia
Geo430,Queensland,Queensland - Outback,McKinlay,Very Remote Australia
Geo431,New South Wales,New England and North West,Narrabri,Outer Regional Australia
Geo432,New South Wales,Sydney - Sutherland,Sutherland,Inner Regional Australia
Geo433,Queensland,Townsville,Palm Island,Remote Australia
Geo434,Queensland,Brisbane - North,Brisbane,Major Cities of Australia
Geo435,Tasmania,Launceston and North East,Dorset,Outer Regional Australia
Geo436,Victoria,Geelong,Surf Coast,Inner Regional Australia
Geo437,New South Wales,Hunter Valley exc Newcastle,Upper Hunter,Outer Regional Australia
Geo438,Western Australia,Western Australia - Outback (South),Ngaanyatjarraku,Very Remote Australia
Geo439,South Australia,Barossa - Yorke - Mid North,Wakefield,Inner Regional Australia
Geo440,South Australia,South Australia - Outback,Flinders Ranges,Outer Regional Australia
Geo441,New South Wales,Central West,Weddin,Outer Regional Australia
Geo442,Queensland,Wide Bay,South Burnett,Inner Regional Australia
Geo443,Tasmania,West and North West,Burnie,Outer Regional Australia
Geo444,Victoria,Melbourne - North East,Darebin,Major Cities of Australia
Geo445,New South Wales,Mid North Coast,Nambucca Valley,Inner Regional Australia
Geo446,Western Australia,Western Australia - Outback (North),Karratha,Very Remote Australia
Geo447,New South Wales,Riverina,Coolamon,Outer Regional Australia
Geo448,Victoria,Melbourne - North West,Hume,Major Cities of Australia
Geo449,Western Australia,Western Australia - Wheat Belt,Chittering,Inner Regional Australia
Geo450,South Australia,Adelaide - South,Onkaparinga,Major Cities of Australia
Geo451,Victoria,Melbourne - North West,Moreland,Major Cities of Australia
Geo452,Tasmania,Launceston and North East,West Tamar,Outer Regional Australia
Geo453,New South Wales,Newcastle and Lake Macquarie,Lake Macquarie,Inner Regional Australia
Geo454,New South Wales,Coffs Harbour - Grafton,Richmond Valley,Outer Regional Australia
Geo455,Queensland,Logan - Beaudesert,Logan,Inner Regional Australia
Geo456,New South Wales,Capital Region,Snowy Monaro Regional,Inner Regional Australia
Geo457,Western Australia,Western Australia - Wheat Belt,Mount Marshall,Remote Australia
Geo458,South Australia,South Australia - Outback,Anangu Pitjantjatjara Yunkunytjatjara,Very Remote Australia
Geo459,New South Wales,Riverina,Wagga Wagga,Inner Regional Australia
Geo460,Queensland,Queensland - Outback,Mareeba,Outer Regional Australia
Geo461,Northern Territory,Northern Territory - Outback,West Arnhem,Remote Australia
Geo462,Western Australia,Western Australia - Outback (South),Perenjori,Remote Australia
Geo463,Victoria,Melbourne - Inner South,Glen Eira,Major Cities of Australia
Geo464,South Australia,Adelaide - North,Salisbury,Major Cities of Australia
Geo465,New South Wales,New England and North West,Armidale Regional,Outer Regional Australia
Geo466,Western Australia,Western Australia - Wheat Belt,Wandering,Outer Regional Australia
Geo467,Victoria,Melbourne - Inner South,Monash,Major Cities of Australia
Geo468,Victoria,Hume,Unincorporated Vic,Outer Regional Australia
Geo469,New South Wales,Far West and Orana,Narromine,Outer Regional Australia
Geo470,New South Wales,Central West,Lithgow,Outer Regional Australia
Geo471,New South Wales,Sydney - City and Inner South,Bayside,Major Cities of Australia
Geo472,South Australia,South Australia - Outback,Streaky Bay,Very Remote Australia
Geo473,Western Australia,Western Australia - Wheat Belt,Wagin,Outer Regional Australia
Geo474,Queensland,Brisbane - East,Redland,Remote Australia
Geo475,New South Wales,Hunter Valley exc Newcastle,Dungog,Inner Regional Australia
Geo476,New South Wales,Sydney - Outer West and Blue Mountains,Hawkesbury,Major Cities of Australia
Geo477,New South Wales,Sydney - Baulkham Hills and Hawkesbury,The Hills,Major Cities of Australia
Geo478,Victoria,North West,Yarriambiack,Remote Australia
Geo479,South Australia,South Australia - Outback,Wudinna,Very Remote Australia
Geo480,Victoria,Melbourne - Outer East,Knox,Major Cities of Australia
Geo481,Queensland,Queensland - Outback,Mount Isa,Very Remote Australia
Geo482,South Australia,South Australia - Outback,Whyalla,Outer Regional Australia
Geo483,New South Wales,Capital Region,Queanbeyan-Palerang Regional,Outer Regional Australia
Geo484,New South Wales,Riverina,Snowy Valleys,Outer Regional Australia
Geo485,Tasmania,West and North West,Circular Head,Remote Australia
Geo486,New South Wales,Richmond - Tweed,Lismore,Inner Regional Australia
Geo487,New South Wales,Hunter Valley exc Newcastle,Dungog,Outer Regional Australia
Geo488,Victoria,Melbourne - West,Melton,Major Cities of Australia
Geo489,Tasmania,South East,Tasman,Outer Regional Australia
Geo490,South Australia,Barossa - Yorke - Mid North,Clare and Gilbert Valleys,Inner Regional Australia
Geo491,Queensland,Brisbane - East,Redland,Outer Regional Australia
Geo492,New South Wales,Sydney - Sutherland,Sutherland,Major Cities of Australia
Geo493,Western Australia,Western Australia - Wheat Belt,West Arthur,Outer Regional Australia
Geo494,New South Wales,Hunter Valley exc Newcastle,Port Stephens,Major Cities of Australia
Geo495,New South Wales,Murray,Wentworth,Remote Australia
Geo496,New South Wales,Sydney - North Sydney and Hornsby,North Sydney,Major Cities of Australia
Geo497,Queensland,Darling Downs - Maranoa,Western Downs,Outer Regional Australia
Geo498,Northern Territory,Northern Territory - Outback,Wagait,Remote Australia
Geo499,Tasmania,Hobart,Derwent Valley,Inner Regional Australia
Geo500,Queensland,Brisbane Inner City,Brisbane,Major Cities of Australia
Geo501,New South Wales,Hunter Valley exc Newcastle,Maitland,Inner Regional Australia
Geo502,Western Australia,Perth - South West,Rockingham,Major Cities of Australia
Geo503,Western Australia,Western Australia - Wheat Belt,Dalwallinu,Remote Australia
Geo504,New South Wales,Newcastle and Lake Macquarie,Maitland,Major Cities of Australia
Geo505,New South Wales,Sydney - Outer West and Blue Mountains,Blue Mountains,Inner Regional Australia
Geo506,Victoria,North West,Gannawarra,Outer Regional Australia
Geo507,Victoria,Bendigo,Loddon,Outer Regional Australia
Geo508,South Australia,Adelaide - North,Light,Major Cities of Australia
Geo509,Tasmania,Launceston and North East,Northern Midlands,Inner Regional Australia
Geo510,Northern Territory,Darwin,Darwin,Outer Regional Australia
Geo511,Queensland,Brisbane - East,Redland,Major Cities of Australia
Geo512,Victoria,Melbourne - Inner,Moonee Valley,Major Cities of Australia
Geo513,New South Wales,Sydney - Inner West,Inner West,Major Cities of Australia
Geo514,Victoria,Warrnambool and South West,Glenelg,Outer Regional Australia
Geo515,Queensland,Wide Bay,North Burnett,Outer Regional Australia
Geo516,South Australia,Barossa - Yorke - Mid North,Northern Areas,Outer Regional Australia
Geo517,South Australia,South Australia - South East,Southern Mallee,Outer Regional Australia
Geo518,New South Wales,Far West and Orana,Cobar,Very Remote Australia
Geo519,New South Wales,Sydney - Parramatta,Canterbury-Bankstown,Major Cities of Australia
Geo520,South Australia,Adelaide - South,Holdfast Bay,Major Cities of Australia
Geo521,South Australia,South Australia - South East,Robe,Outer Regional Australia
Geo522,Western Australia,Perth - South East,Victoria Park,Major Cities of Australia
Geo523,Western Australia,Western Australia - Outback (South),Mingenew,Outer Regional Australia
Geo524,South Australia,Barossa - Yorke - Mid North,Clare and Gilbert Valleys,Outer Regional Australia
Geo525,New South Wales,New England and North West,Uralla,Outer Regional Australia
Geo526,Western Australia,Perth - South West,Cockburn,Major Cities of Australia
Geo527,Queensland,Queensland - Outback,Bulloo,Very Remote Australia
Geo528,New South Wales,Capital Region,Yass Valley,Inner Regional Australia
Geo529,New South Wales,Central West,Bathurst Regional,Outer Regional Australia
Geo530,Victoria,Melbourne - North West,Brimbank,Major Cities of Australia
Geo531,Victoria,Warrnambool and South West,Surf Coast,Inner Regional Australia
Geo532,Tasmania,Launceston and North East,Meander Valley,Inner Regional Australia
Geo533,Victoria,Unknown,Unknown,Unknown
Geo534,Queensland,Sunshine Coast,Noosa,Inner Regional Australia
Geo535,New South Wales,Murray,Wentworth,Outer Regional Australia
Geo536,Western Australia,Western Australia - Outback (South),Sandstone,Very Remote Australia
Geo537,Victoria,North West,Swan Hill,Outer Regional Australia
Geo538,Western Australia,Unknown,Unknown,Remote Australia
Geo539,Queensland,Queensland - Outback,Pormpuraaw,Very Remote Australia
Geo540,Western Australia,Western Australia - Outback (South),Greater Geraldton,Remote Australia
Geo541,South Australia,Barossa - Yorke - Mid North,Copper Coast,Outer Regional Australia
Geo542,Queensland,Moreton Bay - North,Somerset,Inner Regional Australia
Geo543,Victoria,Ballarat,Pyrenees,Outer Regional Australia
Geo544,New South Wales,Sydney - Outer South West,Sutherland,Inner Regional Australia
Geo545,Tasmania,West and North West,Kentish,Outer Regional Australia
Geo546,Victoria,Ballarat,Central Goldfields,Inner Regional Australia
Geo547,Western Australia,Mandurah,Murray,Inner Regional Australia
Geo548,Queensland,Darling Downs - Maranoa,Toowoomba,Outer Regional Australia
Geo549,Victoria,Latrobe - Gippsland,South Gippsland,Outer Regional Australia
Geo550,Queensland,Sunshine Coast,Sunshine Coast,Inner Regional Australia
Geo551,Queensland,Wide Bay,Fraser Coast,Remote Australia
Geo552,New South Wales,Newcastle and Lake Macquarie,Lake Macquarie,Major Cities of Australia
Geo553,Western Australia,Western Australia - Outback (South),Menzies,Very Remote Australia
Geo554,Tasmania,South East,Kingborough,Outer Regional Australia
Geo555,Western Australia,Western Australia - Outback (South),Kalgoorlie-Boulder,Outer Regional Australia
Geo556,New South Wales,Murray,Murray River,Remote Australia
Geo557,Western Australia,Western Australia - Wheat Belt,Dumbleyung,Remote Australia
Geo558,Queensland,Cairns,Tablelands,Outer Regional Australia
Geo559,South Australia,Adelaide - Central and Hills,Campbelltown (SA),Major Cities of Australia
Geo560,Victoria,Ballarat,Loddon,Inner Regional Australia
Geo561,New South Wales,Hunter Valley exc Newcastle,Upper Hunter,Inner Regional Australia
Geo562,Western Australia,Perth - North East,Swan,Inner Regional Australia
Geo563,South Australia,South Australia - South East,Kangaroo Island,Remote Australia
Geo564,Western Australia,Western Australia - Outback (South),Coolgardie,Very Remote Australia
Geo565,Western Australia,Western Australia - Outback (South),Northampton,Remote Australia
Geo566,Western Australia,Western Australia - Wheat Belt,Boddington,Outer Regional Australia
Geo567,Queensland,Gold Coast,Gold Coast,Major Cities of Australia
Geo568,New South Wales,Murray,Hay,Outer Regional Australia
Geo569,South Australia,South Australia - South East,Grant,Outer Regional Australia
Geo570,New South Wales,Richmond - Tweed,Kyogle,Outer Regional Australia
Geo571,Victoria,Bendigo,Mount Alexander,Inner Regional Australia
Geo572,South Australia,Barossa - Yorke - Mid North,Yorke Peninsula,Outer Regional Australia
Geo573,Northern Territory,Northern Territory - Outback,East Arnhem,Very Remote Australia
Geo574,South Australia,Adelaide - Central and Hills,Unley,Major Cities of Australia
Geo575,Victoria,Shepparton,Moira,Inner Regional Australia
Geo576,New South Wales,New England and North West,Tenterfield,Outer Regional Australia
Geo577,Queensland,Central Queensland,Central Highlands (Qld),Outer Regional Australia
Geo578,New South Wales,Hunter Valley exc Newcastle,Maitland,Major Cities of Australia
Geo579,New South Wales,Far West and Orana,Cobar,Remote Australia
Geo580,New South Wales,Central West,Orange,Inner Regional Australia
Geo581,Victoria,Melbourne - North West,Melton,Major Cities of Australia
Geo582,Victoria,Ballarat,Hepburn,Inner Regional Australia
Geo583,South Australia,South Australia - Outback,Lower Eyre Peninsula,Remote Australia
Geo584,New South Wales,New England and North West,Liverpool Plains,Outer Regional Australia
Geo585,South Australia,Adelaide - Central and Hills,Mount Barker,Major Cities of Australia
Geo586,South Australia,Adelaide - Central and Hills,Burnside,Major Cities of Australia
Geo587,New South Wales,Sydney - North Sydney and Hornsby,Lane Cove,Major Cities of Australia
Geo588,Victoria,Melbourne - North East,Murrindindi,Inner Regional Australia
Geo589,Western Australia,Perth - South East,Canning,Major Cities of Australia
Geo590,Queensland,Moreton Bay - North,Moreton Bay,Major Cities of Australia
Geo591,Victoria,Ballarat,Ballarat,Inner Regional Australia
Geo592,Victoria,Warrnambool and South West,Moyne,Inner Regional Australia
Geo593,Victoria,Hume,Murrindindi,Inner Regional Australia
Geo594,Australian Capital Territory,Australian Capital Territory,Unincorporated ACT,Major Cities of Australia
Geo595,Western Australia,Western Australia - Wheat Belt,Kondinin,Very Remote Australia
Geo596,Victoria,Melbourne - Inner South,Stonnington,Major Cities of Australia
Geo597,Western Australia,Western Australia - Outback (South),Irwin,Outer Regional Australia
Geo598,New South Wales,New England and North West,Glen Innes Severn,Outer Regional Australia
Geo599,New South Wales,Sydney - North Sydney and Hornsby,Ku-ring-gai,Major Cities of Australia
Geo600,South Australia,South Australia - Outback,Tumby Bay,Remote Australia
Geo601,Tasmania,Launceston and North East,Meander Valley,Outer Regional Australia
Geo602,Victoria,Hume,Greater Shepparton,Inner Regional Australia
Geo603,South Australia,South Australia - South East,Alexandrina,Inner Regional Australia
Geo604,Queensland,Darling Downs - Maranoa,Southern Downs,Outer Regional Australia
Geo605,Northern Territory,Northern Territory - Outback,Coomalie,Remote Australia
Geo606,Queensland,Queensland - Outback,Hope Vale,Remote Australia
Geo607,New South Wales,Sydney - Parramatta,Blacktown,Major Cities of Australia
Geo608,Queensland,Queensland - Outback,Quilpie,Very Remote Australia
Geo609,Northern Territory,Northern Territory - Outback,MacDonnell,Very Remote Australia
Geo610,South Australia,South Australia - South East,Loxton Waikerie,Outer Regional Australia
Geo611,Victoria,North West,Horsham,Outer Regional Australia
Geo612,Tasmania,Launceston and North East,Launceston,Outer Regional Australia
Geo613,Queensland,Darling Downs - Maranoa,Balonne,Very Remote Australia
Geo614,Victoria,Melbourne - Inner South,Bayside (Vic.),Major Cities of Australia
Geo615,Western Australia,Perth - South East,Kalamunda,Major Cities of Australia
Geo616,Northern Territory,Northern Territory - Outback,West Daly,Very Remote Australia
Geo617,New South Wales,Central West,Bathurst Regional,Inner Regional Australia
Geo618,New South Wales,Sydney - City and Inner South,Sydney,Major Cities of Australia
Geo619,Victoria,Melbourne - North East,Mitchell,Major Cities of Australia
Geo620,Victoria,Warrnambool and South West,Southern Grampians,Outer Regional Australia
Geo621,New South Wales,Riverina,Carrathool,Outer Regional Australia
Geo622,Western Australia,Unknown,Unknown,Outer Regional Australia
Geo623,New South Wales,Murray,Greater Hume,Outer Regional Australia
Geo624,New South Wales,Central West,Mid-Western Regional,Outer Regional Australia
Geo625,South Australia,South Australia - South East,Mid Murray,Outer Regional Australia
Geo626,New South Wales,Sydney - North Sydney and Hornsby,Hornsby,Inner Regional Australia
Geo627,Western Australia,Western Australia - Wheat Belt,Corrigin,Remote Australia
Geo628,New South Wales,Coffs Harbour - Grafton,Bellingen,Outer Regional Australia
Geo629,Western Australia,Western Australia - Wheat Belt,Goomalling,Outer Regional Australia
Geo630,Tasmania,South East,Central Highlands (Tas.),Outer Regional Australia
Geo631,Victoria,Warrnambool and South West,Southern Grampians,Inner Regional Australia
Geo632,Queensland,Central Queensland,Livingstone,Outer Regional Australia
Geo633,South Australia,South Australia - Outback,Port Augusta,Outer Regional Australia
Geo634,Queensland,Brisbane - South,Brisbane,Major Cities of Australia
Geo635,New South Wales,Capital Region,Bega Valley,Outer Regional Australia
Geo636,New South Wales,Riverina,Murrumbidgee,Outer Regional Australia
Geo637,Western Australia,Perth - Inner,Cottesloe,Major Cities of Australia
Geo638,Victoria,Melbourne - Inner,Yarra,Major Cities of Australia
Geo639,New South Wales,Murray,Edward River,Outer Regional Australia
Geo640,Queensland,Darling Downs - Maranoa,Maranoa,Outer Regional Australia
Geo641,Western Australia,Western Australia - Outback (South),Dundas,Very Remote Australia
Geo642,New South Wales,Far West and Orana,Walgett,Very Remote Australia
Geo643,New South Wales,Far West and Orana,Walgett,Remote Australia
Geo644,New South Wales,Riverina,Junee,Inner Regional Australia
Geo645,New South Wales,Murray,Murrumbidgee,Outer Regional Australia
Geo646,Western Australia,Bunbury,Waroona,Inner Regional Australia
Geo647,South Australia,Adelaide - West,Port Adelaide Enfield,Major Cities of Australia
Geo648,South Australia,South Australia - South East,Kingston (SA),Remote Australia
Geo649,New South Wales,Richmond - Tweed,Ballina,Inner Regional Australia
Geo650,New South Wales,Far West and Orana,Bourke,Very Remote Australia
Geo651,Tasmania,Hobart,Brighton,Inner Regional Australia
Geo652,Queensland,Moreton Bay - South,Moreton Bay,Major Cities of Australia
Geo653,Queensland,Mackay - Isaac - Whitsunday,Isaac,Outer Regional Australia
Geo654,Western Australia,Western Australia - Wheat Belt,Wickepin,Remote Australia
Geo655,South Australia,Barossa - Yorke - Mid North,Adelaide Plains,Inner Regional Australia
Geo656,New South Wales,Murray,Albury,Inner Regional Australia
Geo657,Western Australia,Western Australia - Wheat Belt,Denmark,Outer Regional Australia
Geo658,New South Wales,Far West and Orana,Gilgandra,Outer Regional Australia
Geo659,Victoria,Melbourne - West,Wyndham,Major Cities of Australia
Geo660,New South Wales,Sydney - City and Inner South,Inner West,Major Cities of Australia
Geo661,Victoria,Melbourne - North West,Macedon Ranges,Inner Regional Australia
Geo662,Queensland,Queensland - Outback,Longreach,Very Remote Australia
Geo663,Victoria,Melbourne - North East,Mitchell,Inner Regional Australia
Geo664,Queensland,Central Queensland,Livingstone,Inner Regional Australia
Geo665,Northern Territory,Northern Territory - Outback,Alice Springs,Remote Australia
Geo666,Queensland,Mackay - Isaac - Whitsunday,Whitsunday,Outer Regional Australia
Geo667,South Australia,Barossa - Yorke - Mid North,Barunga West,Outer Regional Australia
Geo668,Victoria,Melbourne - Outer East,Yarra Ranges,Major Cities of Australia
Geo669,New South Wales,Murray,Balranald,Outer Regional Australia
Geo670,Victoria,Hume,Yarra Ranges,Inner Regional Australia
Geo671,Western Australia,Western Australia - Wheat Belt,Kellerberrin,Outer Regional Australia
Geo672,Tasmania,West and North West,King Island,Very Remote Australia
Geo673,New South Wales,Riverina,Griffith,Outer Regional Australia
Geo674,New South Wales,Sydney - Outer West and Blue Mountains,Wollondilly,Inner Regional Australia
Geo675,Western Australia,Perth - South West,Kwinana,Major Cities of Australia
Geo676,South Australia,Barossa - Yorke - Mid North,Yorke Peninsula,Remote Australia
Geo677,New South Wales,Capital Region,Upper Lachlan,Inner Regional Australia
Geo678,Victoria,Melbourne - Outer East,Maroondah,Major Cities of Australia
Geo679,New South Wales,Capital Region,Eurobodalla,Outer Regional Australia
Geo680,New South Wales,Far West and Orana,Unincorporated,Remote Australia
Geo681,Victoria,Melbourne - North East,Nillumbik,Inner Regional Australia
Geo682,New South Wales,Murray,Balranald,Remote Australia
Geo683,Queensland,Queensland - Outback,Mareeba,Very Remote Australia
Geo684,New South Wales,Sydney - Outer South West,Wollondilly,Major Cities of Australia
Geo685,Victoria,Melbourne - Outer East,Yarra Ranges,Inner Regional Australia
Geo686,Victoria,Melbourne - West,Hobsons Bay,Major Cities of Australia
Geo687,Victoria,Melbourne - South East,Casey,Major Cities of Australia
Geo688,New South Wales,Central West,Lachlan,Outer Regional Australia
Geo689,Western Australia,Western Australia - Wheat Belt,Katanning,Outer Regional Australia
Geo690,New South Wales,Riverina,Junee,Outer Regional Australia
Geo691,Queensland,Ipswich,Scenic Rim,Inner Regional Australia
Geo692,Victoria,North West,Buloke,Outer Regional Australia
Geo693,Western Australia,Perth - South West,Melville,Major Cities of Australia
Geo694,Western Australia,Western Australia - Wheat Belt,Kojonup,Outer Regional Australia
Geo695,Western Australia,Western Australia - Outback (South),Morawa,Remote Australia
Geo696,Victoria,Geelong,Greater Geelong,Inner Regional Australia
Geo697,New South Wales,Sydney - Outer West and Blue Mountains,Penrith,Inner Regional Australia
Geo698,Victoria,Warrnambool and South West,Warrnambool,Inner Regional Australia
Geo699,Victoria,Hume,Towong,Inner Regional Australia
Geo700,Western Australia,Western Australia - Wheat Belt,Cranbrook,Outer Regional Australia
Geo701,Western Australia,Western Australia - Outback (South),Mount Magnet,Very Remote Australia
Geo702,South Australia,Adelaide - South,Marion,Major Cities of Australia
Geo703,Queensland,Queensland - Outback,Mount Isa,Remote Australia
Geo704,Queensland,Darling Downs - Maranoa,Maranoa,Remote Australia
Geo705,Western Australia,Bunbury,Boyup Brook,Outer Regional Australia
Geo706,New South Wales,Far West and Orana,Warren,Remote Australia
Geo707,New South Wales,Central West,Mid-Western Regional,Inner Regional Australia
Geo708,New South Wales,New England and North West,Narrabri,Remote Australia
Geo709,New South Wales,Sydney - Inner West,Strathfield,Major Cities of Australia
Geo710,New South Wales,Far West and Orana,Cabonne,Outer Regional Australia
Geo711,Western Australia,Western Australia - Wheat Belt,Gingin,Outer Regional Australia
Geo712,Queensland,Queensland - Outback,Cook,Very Remote Australia
Geo713,New South Wales,Sydney - Baulkham Hills and Hawkesbury,Hornsby,Inner Regional Australia
Geo714,Western Australia,Western Australia - Wheat Belt,Albany,Outer Regional Australia
Geo715,Victoria,Melbourne - Inner,Stonnington,Major Cities of Australia
Geo716,Tasmania,Hobart,Kingborough,Inner Regional Australia
Geo717,Victoria,Hume,Wangaratta,Outer Regional Australia
Geo718,Victoria,Melbourne - South East,Kingston (Vic.),Major Cities of Australia
Geo719,Western Australia,Western Australia - Outback (North),Halls Creek,Very Remote Australia
Geo720,Queensland,Wide Bay,Gympie,Outer Regional Australia
Geo721,Queensland,Queensland - Outback,Cloncurry,Very Remote Australia
Geo722,Western Australia,Western Australia - Outback (North),Broome,Remote Australia
Geo723,New South Wales,Central West,Blayney,Outer Regional Australia
Geo724,Western Australia,Western Australia - Outback (North),Karratha,Remote Australia
Geo725,Queensland,Gold Coast,Gold Coast,Inner Regional Australia
Geo726,Western Australia,Western Australia - Wheat Belt,Merredin,Outer Regional Australia
Geo727,Tasmania,Hobart,Hobart,Inner Regional Australia
Geo728,Western Australia,Perth - Inner,Stirling,Major Cities of Australia
Geo729,South Australia,Adelaide - Central and Hills,Adelaide Hills,Inner Regional Australia
Geo730,Western Australia,Western Australia - Wheat Belt,Gnowangerup,Outer Regional Australia
Geo731,Victoria,Hume,Towong,Outer Regional Australia
Geo732,New South Wales,Illawarra,Wollondilly,Inner Regional Australia
Geo733,New South Wales,Sydney - North Sydney and Hornsby,Mosman,Major Cities of Australia
Geo734,Western Australia,Western Australia - Wheat Belt,Jerramungup,Remote Australia
Geo735,New South Wales,Hunter Valley exc Newcastle,Mid-Coast,Inner Regional Australia
Geo736,Queensland,Gold Coast,Scenic Rim,Inner Regional Australia
Geo737,New South Wales,Far West and Orana,Brewarrina,Very Remote Australia
Geo738,Northern Territory,Northern Territory - Outback,Victoria Daly,Very Remote Australia
Geo739,Queensland,Queensland - Outback,Lockhart River,Very Remote Australia
Geo740,Western Australia,Western Australia - Wheat Belt,Beverley,Outer Regional Australia
Geo741,Victoria,Shepparton,Campaspe,Inner Regional Australia
Geo742,Queensland,Cairns,Cassowary Coast,Remote Australia
Geo743,South Australia,South Australia - South East,Yankalilla,Inner Regional Australia
Geo744,Victoria,Hume,Alpine,Inner Regional Australia
Geo745,New South Wales,Capital Region,Goulburn Mulwaree,Outer Regional Australia
Geo746,Victoria,Geelong,Golden Plains,Inner Regional Australia
Geo747,Western Australia,Western Australia - Outback (South),Carnarvon,Very Remote Australia
Geo748,New South Wales,Richmond - Tweed,Tweed,Inner Regional Australia
Geo749,Victoria,Bendigo,Loddon,Inner Regional Australia
Geo750,Queensland,Ipswich,Lockyer Valley,Inner Regional Australia
Geo751,New South Wales,Central West,Lachlan,Remote Australia
Geo752,New South Wales,Central West,Bland,Outer Regional Australia
Geo753,South Australia,South Australia - Outback,Ceduna,Very Remote Australia
Geo754,Queensland,Wide Bay,South Burnett,Outer Regional Australia
Geo755,New South Wales,New England and North West,Inverell,Outer Regional Australia
Geo756,South Australia,Unknown,Unknown,Unknown
Geo757,New South Wales,Sydney - Baulkham Hills and Hawkesbury,Hawkesbury,Inner Regional Australia
Geo758,Western Australia,Unknown,Unknown,Unknown
Geo759,South Australia,Barossa - Yorke - Mid North,Orroroo Carrieton,Outer Regional Australia
Geo760,Queensland,Brisbane - West,Brisbane,Major Cities of Australia
Geo761,New South Wales,Sydney - South West,Camden,Major Cities of Australia
Geo762,New South Wales,Sydney - Baulkham Hills and Hawkesbury,Hornsby,Major Cities of Australia
Geo763,Western Australia,Western Australia - Outback (South),Leonora,Very Remote Australia
Geo764,New South Wales,Sydney - Inner South West,Canterbury-Bankstown,Major Cities of Australia
Geo765,New South Wales,Richmond - Tweed,Kyogle,Inner Regional Australia
Geo766,Western Australia,Bunbury,Harvey,Inner Regional Australia
Geo767,South Australia,South Australia - Outback,Cleve,Remote Australia
Geo768,Queensland,Central Queensland,Central Highlands (Qld),Very Remote Australia
Geo769,Western Australia,Western Australia - Wheat Belt,Dandaragan,Outer Regional Australia
Geo770,New South Wales,Riverina,Coolamon,Inner Regional Australia
Geo771,New South Wales,Central West,Cowra,Inner Regional Australia
Geo772,Western Australia,Perth - South East,Armadale,Inner Regional Australia
Geo773,New South Wales,Sydney - Outer South West,Campbelltown,Major Cities of Australia
Geo774,Western Australia,Bunbury,Nannup,Outer Regional Australia
Geo775,New South Wales,Richmond - Tweed,Richmond Valley,Outer Regional Australia
Geo776,New South Wales,Sydney - North Sydney and Hornsby,Hornsby,Major Cities of Australia
Geo777,Victoria,Melbourne - South East,Cardinia,Inner Regional Australia
Geo778,Victoria,North West,Northern Grampians,Inner Regional Australia
Geo779,South Australia,South Australia - Outback,Coober Pedy,Very Remote Australia
Geo780,Western Australia,Western Australia - Wheat Belt,Kulin,Remote Australia
Geo781,New South Wales,Sydney - Eastern Suburbs,Sydney,Major Cities of Australia
Geo782,Queensland,Townsville,Charters Towers,Remote Australia
Geo783,Queensland,Queensland - Outback,Burke,Very Remote Australia
Geo784,Western Australia,Bunbury,Bridgetown-Greenbushes,Outer Regional Australia
Geo785,New South Wales,Mid North Coast,Kempsey,Outer Regional Australia
Geo786,South Australia,South Australia - Outback,Wudinna,Remote Australia
Geo787,Victoria,Melbourne - Inner,Moreland,Major Cities of Australia
Geo788,Western Australia,Perth - Inner,Cambridge,Major Cities of Australia
Geo789,Victoria,Melbourne - Inner East,Whitehorse,Major Cities of Australia
Geo790,Tasmania,West and North West,Central Coast (Tas.),Outer Regional Australia
Geo791,New South Wales,Sydney - South West,Fairfield,Major Cities of Australia
Geo792,Western Australia,Perth - Inner,Perth,Major Cities of Australia
Geo793,Victoria,Ballarat,Ararat,Outer Regional Australia
Geo794,Queensland,Logan - Beaudesert,Scenic Rim,Inner Regional Australia
Geo795,Victoria,Melbourne - West,Moorabool,Inner Regional Australia
Geo796,Western Australia,Western Australia - Wheat Belt,Yilgarn,Remote Australia
Geo797,Western Australia,Perth - North East,Kalamunda,Inner Regional Australia
Geo798,New South Wales,Sydney - Ryde,Ryde,Major Cities of Australia
Geo799,Victoria,North West,Hindmarsh,Outer Regional Australia
Geo800,Western Australia,Western Australia - Wheat Belt,Victoria Plains,Outer Regional Australia
Geo801,Queensland,Queensland - Outback,Carpentaria,Very Remote Australia
Geo802,Queensland,Darling Downs - Maranoa,Southern Downs,Inner Regional Australia
Geo803,Queensland,Darling Downs - Maranoa,Western Downs,Remote Australia
